"","sample_name","compartment","plant_num","condition","genotype","water_condition","heat_condition","compartment_l","climat_condition","S.obs","S.chao1","se.chao1","S.ACE","se.ACE","data_shannon","data_evenness"
"1004lo","1004lo","lo",1004,"Wen_WW_HS","Wendy","WW","HS","Phylloplane","WW_HS",79,79,0,79,1.69884547542356,3.8463440325688,0.880281482338123
"1004ri","1004ri","ri",1004,"Wen_WW_HS","Wendy","WW","HS","Root endosphere","WW_HS",236,236,0,236,7.53382204304503,3.64291852366766,0.666733284197533
"1004ro","1004ro","ro",1004,"Wen_WW_HS","Wendy","WW","HS","Rhizoplane","WW_HS",344,344,0,344,7.83551841534491,3.88497290369003,0.665162003011352
"100bk","100bk","bk",100,"Wen_WS_OT","Wendy","WS","OT","Bulk soil","WS_OT",436,436,0,436,8.61977138418394,4.96190068153309,0.816418683900497
"100rh","100rh","rh",100,"Wen_WS_OT","Wendy","WS","OT","Rhizosphere","WS_OT",592,592,0,592,9.00591022156666,5.1659692667674,0.809268253680019
"1018bk","1018bk","bk",1018,"Sto_WW_HS","Stocata","WW","HS","Bulk soil","WW_HS",471,471,0,471,8.67409448151852,5.01287651340865,0.814458503646417
"1018rh","1018rh","rh",1018,"Sto_WW_HS","Stocata","WW","HS","Rhizosphere","WW_HS",558,558,0,558,8.84109012237582,5.07769379199042,0.802878809092537
"1020bk","1020bk","bk",1020,"Wen_WW_HS","Wendy","WW","HS","Bulk soil","WW_HS",498,498,0,498,9.51652547036535,5.03000742482842,0.809906830651729
"1020rh","1020rh","rh",1020,"Wen_WW_HS","Wendy","WW","HS","Rhizosphere","WW_HS",525,525,0,525,9.70478527031161,4.98859114618584,0.796467179163807
"1022lo","1022lo","lo",1022,"Wen_WS_HS","Wendy","WS","HS","Phylloplane","WS_HS",353,353,0,353,4.23996899876421,4.61968974257099,0.787473774294433
"1022ri","1022ri","ri",1022,"Wen_WS_HS","Wendy","WS","HS","Root endosphere","WS_HS",247,247,0,247,7.67508192732124,2.81880986677745,0.511637534794417
"1022ro","1022ro","ro",1022,"Wen_WS_HS","Wendy","WS","HS","Rhizoplane","WS_HS",155,155,0,155,5.53347583700423,2.48998026136057,0.493708185139381
"1024bk","1024bk","bk",1024,"Wen_WS_HS","Wendy","WS","HS","Bulk soil","WS_HS",457,457,0,457,8.6747703795464,4.96788258032807,0.811124798338802
"1024rh","1024rh","rh",1024,"Wen_WS_HS","Wendy","WS","HS","Rhizosphere","WS_HS",480,480,0,480,8.28540383244333,4.96181515488114,0.803690810043644
"1026bk","1026bk","bk",1026,"Sto_WS_HS","Stocata","WS","HS","Bulk soil","WS_HS",449,449,0,449,8.75272785986541,4.96189671724961,0.812490276925097
"1026rh","1026rh","rh",1026,"Sto_WS_HS","Stocata","WS","HS","Rhizosphere","WS_HS",614,614,0,614,10.0944239130724,5.13675553465069,0.800118316625087
"1028bk","1028bk","bk",1028,"Sto_WW_HS","Stocata","WW","HS","Bulk soil","WW_HS",454,454,0,454,8.386190662786,4.98149373434937,0.814222718779974
"1028rh","1028rh","rh",1028,"Sto_WW_HS","Stocata","WW","HS","Rhizosphere","WW_HS",544,544,0,544,8.89150288361938,5.02902702403384,0.798391418464599
"102lo","102lo","lo",102,"Sto_WW_OT","Stocata","WW","OT","Phylloplane","WW_OT",458,458,0,458,5.90314844570695,4.04209769235204,0.659732984479648
"102ri","102ri","ri",102,"Sto_WW_OT","Stocata","WW","OT","Root endosphere","WW_OT",304,304,0,304,7.98497767191948,2.62199828186068,0.458629626932845
"102ro","102ro","ro",102,"Sto_WW_OT","Stocata","WW","OT","Rhizoplane","WW_OT",221,221,0,221,6.08313446233748,3.49202096398111,0.646890647256573
"1030bk","1030bk","bk",1030,"Wen_WW_HS","Wendy","WW","HS","Bulk soil","WW_HS",496,496,0,496,9.45522129182704,5.01905476109977,0.808667262006446
"1030rh","1030rh","rh",1030,"Wen_WW_HS","Wendy","WW","HS","Rhizosphere","WW_HS",547,547,0,547,8.96896945934736,5.03879249083946,0.799243938487327
"1032lo","1032lo","lo",1032,"Sto_WW_HS","Stocata","WW","HS","Phylloplane","WW_HS",58,58,0,58,3.61986854400295,0.512934207218992,0.126324690652404
"1032ro","1032ro","ro",1032,"Sto_WW_HS","Stocata","WW","HS","Rhizoplane","WW_HS",246,246,0,246,6.53477253104653,3.50024502427035,0.635791868559567
"1034bk","1034bk","bk",1034,"Wen_WS_HS","Wendy","WS","HS","Bulk soil","WS_HS",459,459,0,459,9.20168593058585,4.95158545503044,0.807887892140718
"1034rh","1034rh","rh",1034,"Wen_WS_HS","Wendy","WS","HS","Rhizosphere","WS_HS",518,518,0,518,8.98303850013906,4.97079537952779,0.795330411217878
"1040bk","1040bk","bk",1040,"Sto_WW_HS","Stocata","WW","HS","Bulk soil","WW_HS",477,477,0,477,8.98659612162745,5.06211745816147,0.820770802257287
"1040rh","1040rh","rh",1040,"Sto_WW_HS","Stocata","WW","HS","Rhizosphere","WW_HS",565,565,0,565,8.92684129887057,5.08644177273489,0.802679762477019
"1046lo","1046lo","lo",1046,"Sto_WS_HS","Stocata","WS","HS","Phylloplane","WS_HS",15,15,0,15,1.89736659610103,0.048590337708677,0.0179429235428871
"1046ri","1046ri","ri",1046,"Sto_WS_HS","Stocata","WS","HS","Root endosphere","WS_HS",156,156,0,156,6.21206435814566,1.41438633322062,0.280084487793342
"1046ro","1046ro","ro",1046,"Sto_WS_HS","Stocata","WS","HS","Rhizoplane","WS_HS",99,99,0,99,3.46701629938511,1.97311733555309,0.429394096324887
"1048bk","1048bk","bk",1048,"Wen_WS_HS","Wendy","WS","HS","Bulk soil","WS_HS",459,459,0,459,7.83517569767951,4.88125136263691,0.796412363309501
"1048rh","1048rh","rh",1048,"Wen_WS_HS","Wendy","WS","HS","Rhizosphere","WS_HS",588,588,0,588,9.68087742692273,5.09488131853371,0.798980630684314
"104bk","104bk","bk",104,"Wen_WS_OT","Wendy","WS","OT","Bulk soil","WS_OT",487,487,0,487,9.04381304620923,5.04068169444339,0.814555034204399
"104rh","104rh","rh",104,"Wen_WS_OT","Wendy","WS","OT","Rhizosphere","WS_OT",467,467,0,467,8.30004772824955,4.90496010269967,0.798030807832114
"1056bk","1056bk","bk",1056,"Wen_WW_HS","Wendy","WW","HS","Bulk soil","WW_HS",510,510,0,510,8.41625411530173,4.8548124104578,0.778712315252281
"1056rh","1056rh","rh",1056,"Wen_WW_HS","Wendy","WW","HS","Rhizosphere","WW_HS",553,553,0,553,8.90699381827801,5.07052691788559,0.802888279122629
"1058lo","1058lo","lo",1058,"Sto_WS_HS","Stocata","WS","HS","Phylloplane","WS_HS",178,178,0,178,6.53297598961598,1.50968548129545,0.291344759317543
"1058ri","1058ri","ri",1058,"Sto_WS_HS","Stocata","WS","HS","Root endosphere","WS_HS",57,57,0,57,3.60311755849721,1.0033859985447,0.248175432878474
"1058ro","1058ro","ro",1058,"Sto_WS_HS","Stocata","WS","HS","Rhizoplane","WS_HS",113,113,0,113,4.05711436752163,1.77912730243512,0.376344689850244
"1060lo","1060lo","lo",1060,"Wen_WS_HS","Wendy","WS","HS","Phylloplane","WS_HS",238,238,0,238,7.02935023354808,2.82323341766514,0.51591625963395
"1060ro","1060ro","ro",1060,"Wen_WS_HS","Wendy","WS","HS","Rhizoplane","WS_HS",151,151,0,151,5.18530782293039,2.32859361268955,0.464114757084744
"1064lo","1064lo","lo",1064,"Wen_WW_HS","Wendy","WW","HS","Phylloplane","WW_HS",429,429,0,429,8.36353501509487,3.97557329904701,0.655877514633908
"1064ri","1064ri","ri",1064,"Wen_WW_HS","Wendy","WW","HS","Root endosphere","WW_HS",193,193,0,193,6.65819842131613,3.39950629389791,0.64596359881966
"1064ro","1064ro","ro",1064,"Wen_WW_HS","Wendy","WW","HS","Rhizoplane","WW_HS",235,235,0,235,6.53110397627661,3.08005259046686,0.564155022846947
"106bk","106bk","bk",106,"Sto_WS_OT","Stocata","WS","OT","Bulk soil","WS_OT",495,495,0,495,9.4522724540427,5.04821751254305,0.813630512556158
"106rh","106rh","rh",106,"Sto_WS_OT","Stocata","WS","OT","Rhizosphere","WS_OT",587,587,0,587,9.45445461649694,5.097157074056,0.799550937935555
"1070lo","1070lo","lo",1070,"Sto_WW_HS","Stocata","WW","HS","Phylloplane","WW_HS",58,58,0,58,2.75743509005417,1.29537161282686,0.319022237096374
"1070ri","1070ri","ri",1070,"Sto_WW_HS","Stocata","WW","HS","Root endosphere","WW_HS",141,141,0,141,5.79189945447779,2.32949833874878,0.470723654077055
"1070ro","1070ro","ro",1070,"Sto_WW_HS","Stocata","WW","HS","Rhizoplane","WW_HS",213,213,0,213,6.38734076636965,3.22966390105502,0.602404010307777
"1072bk","1072bk","bk",1072,"Wen_WS_HS","Wendy","WS","HS","Bulk soil","WS_HS",496,496,0,496,8.90168070393668,4.83539236231029,0.779075680278001
"1072rh","1072rh","rh",1072,"Wen_WS_HS","Wendy","WS","HS","Rhizosphere","WS_HS",511,511,0,511,8.17231257107163,5.00561583776229,0.802649003616667
"1074lo","1074lo","lo",1074,"Sto_WS_HS","Stocata","WS","HS","Phylloplane","WS_HS",86,86,0,86,2.36249769287447,1.71573363337314,0.385181827832827
"1074ri","1074ri","ri",1074,"Sto_WS_HS","Stocata","WS","HS","Root endosphere","WS_HS",52,52,0,52,3.50823207722811,0.956059298953767,0.241964142697077
"1074ro","1074ro","ro",1074,"Sto_WS_HS","Stocata","WS","HS","Rhizoplane","WS_HS",160,160,0,160,5.1179830011441,2.78445405289966,0.548642106511059
"1076bk","1076bk","bk",1076,"Sto_WS_HS","Stocata","WS","HS","Bulk soil","WS_HS",501,501,0,501,8.32162850636845,4.79562458393204,0.771421657726578
"1076rh","1076rh","rh",1076,"Sto_WS_HS","Stocata","WS","HS","Rhizosphere","WS_HS",598,598,0,598,9.30395320014572,5.14627235551354,0.804911129529776
"1080bk","1080bk","bk",1080,"Sto_WW_HS","Stocata","WW","HS","Bulk soil","WW_HS",487,487,0,487,8.45327779882738,4.91357245753888,0.794014663855567
"1080rh","1080rh","rh",1080,"Sto_WW_HS","Stocata","WW","HS","Rhizosphere","WW_HS",590,590,0,590,9.74670739710318,5.064046809394,0.79372249985887
"1086lo","1086lo","lo",1086,"Sto_WW_HS","Stocata","WW","HS","Phylloplane","WW_HS",71,71,0,71,3.79027666313405,1.61157407952066,0.378065941146684
"1086ri","1086ri","ri",1086,"Sto_WW_HS","Stocata","WW","HS","Root endosphere","WW_HS",185,185,0,185,6.59647735640118,2.91130721468238,0.557683673725192
"1086ro","1086ro","ro",1086,"Sto_WW_HS","Stocata","WW","HS","Rhizoplane","WW_HS",240,240,0,240,6.51120828520585,3.45117818793852,0.629703623283772
"1088bk","1088bk","bk",1088,"Wen_WS_HS","Wendy","WS","HS","Bulk soil","WS_HS",474,474,0,474,8.61065966785425,4.92806940418896,0.799854500405474
"1088rh","1088rh","rh",1088,"Wen_WS_HS","Wendy","WS","HS","Rhizosphere","WS_HS",582,582,0,582,9.5425435527979,5.0958006066291,0.800412198323308
"108lo","108lo","lo",108,"Sto_WS_OT","Stocata","WS","OT","Phylloplane","WS_OT",425,425,0,425,6.40477762850423,3.92664766653327,0.648808627390253
"108ri","108ri","ri",108,"Sto_WS_OT","Stocata","WS","OT","Root endosphere","WS_OT",247,247,0,247,7.68878461831794,2.9037565832662,0.527056073350503
"108ro","108ro","ro",108,"Sto_WS_OT","Stocata","WS","OT","Rhizoplane","WS_OT",118,118,0,118,3.81455730821115,2.47839193162545,0.519504458315149
"1092bk","1092bk","bk",1092,"Sto_WS_HS","Stocata","WS","HS","Bulk soil","WS_HS",496,496,0,496,7.97867621811716,4.92959467591024,0.794253503720767
"1092rh","1092rh","rh",1092,"Sto_WS_HS","Stocata","WS","HS","Rhizosphere","WS_HS",487,487,0,487,8.67411358045137,4.94816007598022,0.799603891747815
"1094bk","1094bk","bk",1094,"Sto_WW_HS","Stocata","WW","HS","Bulk soil","WW_HS",461,461,0,461,7.92453561049999,4.92324135626152,0.802693926229534
"1096lo","1096lo","lo",1096,"Wen_WS_HS","Wendy","WS","HS","Phylloplane","WS_HS",221,221,0,221,6.57638721322586,2.62853279843859,0.486931006673724
"1096ri","1096ri","ri",1096,"Wen_WS_HS","Wendy","WS","HS","Root endosphere","WS_HS",65,65,0,65,3.66689975949082,1.17623087974015,0.281773300772248
"1096ro","1096ro","ro",1096,"Wen_WS_HS","Wendy","WS","HS","Rhizoplane","WS_HS",136,136,0,136,4.83553026473586,2.130918457835,0.433761073675692
"1098bk","1098bk","bk",1098,"Wen_WW_HS","Wendy","WW","HS","Bulk soil","WW_HS",511,511,0,511,8.89974603300874,4.95259860438155,0.794147706088692
"1098rh","1098rh","rh",1098,"Wen_WW_HS","Wendy","WW","HS","Rhizosphere","WW_HS",611,611,0,611,9.85076866076226,5.13352900711577,0.800226253755436
"1102lo","1102lo","lo",1102,"Sto_WW_HS","Stocata","WW","HS","Phylloplane","WW_HS",30,30,0,30,2.58198889747161,0.279795689955252,0.0822638790279547
"1102ri","1102ri","ri",1102,"Sto_WW_HS","Stocata","WW","HS","Root endosphere","WW_HS",274,274,0,274,7.3178613604325,3.56965084641367,0.635946798069903
"1102ro","1102ro","ro",1102,"Sto_WW_HS","Stocata","WW","HS","Rhizoplane","WW_HS",223,223,0,223,5.83863734947245,3.19439498934051,0.590770022546911
"1106bk","1106bk","bk",1106,"Sto_WS_HS","Stocata","WS","HS","Bulk soil","WS_HS",496,496,0,496,9.00134398567165,4.89636736643321,0.788899938426584
"1106rh","1106rh","rh",1106,"Sto_WS_HS","Stocata","WS","HS","Rhizosphere","WS_HS",515,515,0,515,8.97677694230199,4.98718783915841,0.798695473471134
"1107lo","1107lo","lo",1107,"Sto_WS_HS","Stocata","WS","HS","Phylloplane","WS_HS",134,134,0,134,5.25825576891646,2.0940397644581,0.427543539598638
"1107ri","1107ri","ri",1107,"Sto_WS_HS","Stocata","WS","HS","Root endosphere","WS_HS",49,49,0,49,3.01018678652935,0.912746848231134,0.234529546154597
"1107ro","1107ro","ro",1107,"Sto_WS_HS","Stocata","WS","HS","Rhizoplane","WS_HS",112,112,0,112,4.27513575390136,1.72207386928486,0.364962229780548
"1108lo","1108lo","lo",1108,"Sto_WS_HS","Stocata","WS","HS","Phylloplane","WS_HS",254,254,0,254,7.29793412683926,3.22330955020862,0.582104925362244
"1108ri","1108ri","ri",1108,"Sto_WS_HS","Stocata","WS","HS","Root endosphere","WS_HS",211,211,0,211,7.08044500167899,1.04624379675546,0.195491691046736
"1108ro","1108ro","ro",1108,"Sto_WS_HS","Stocata","WS","HS","Rhizoplane","WS_HS",133,133,0,133,4.57354274420637,2.03258388059824,0.415631650686938
"1114lo","1114lo","lo",1114,"Wen_WS_HS","Wendy","WS","HS","Phylloplane","WS_HS",401,401,0,401,9.14799352514854,4.49397066631159,0.749749680710073
"1114ri","1114ri","ri",1114,"Wen_WS_HS","Wendy","WS","HS","Root endosphere","WS_HS",285,285,0,285,8.03806732466141,2.06728450787716,0.365729936307265
"1114ro","1114ro","ro",1114,"Wen_WS_HS","Wendy","WS","HS","Rhizoplane","WS_HS",123,123,0,123,4.76265963819254,2.39984601122371,0.49870201014732
"1118lo","1118lo","lo",1118,"Wen_WW_HS","Wendy","WW","HS","Phylloplane","WW_HS",604,604,0,604,10.2384646769131,5.10457947621023,0.797145362640833
"1118ro","1118ro","ro",1118,"Wen_WW_HS","Wendy","WW","HS","Rhizoplane","WW_HS",270,270,0,270,6.98782009138971,3.62965722418236,0.648335772252464
"1120bk","1120bk","bk",1120,"Sto_WS_HS","Stocata","WS","HS","Bulk soil","WS_HS",513,513,0,513,8.83374709391763,4.99942282214471,0.801154139045579
"1120rh","1120rh","rh",1120,"Sto_WS_HS","Stocata","WS","HS","Rhizosphere","WS_HS",438,438,0,438,8.42113561903353,4.82420088316748,0.793164625320745
"1124lo","1124lo","lo",1124,"Wen_WS_HS","Wendy","WS","HS","Phylloplane","WS_HS",371,371,0,371,6.68667258780449,3.19688874991829,0.540361657037342
"1124ri","1124ri","ri",1124,"Wen_WS_HS","Wendy","WS","HS","Root endosphere","WS_HS",217,217,0,217,7.26902398382475,1.77627772968677,0.330169446173136
"1124ro","1124ro","ro",1124,"Wen_WS_HS","Wendy","WS","HS","Rhizoplane","WS_HS",108,108,0,108,3.87298334620742,1.98055305412051,0.423002465767489
"1126lo","1126lo","lo",1126,"Wen_WW_HS","Wendy","WW","HS","Phylloplane","WW_HS",393,393,0,393,8.69061088515945,3.52952754788333,0.590833618277786
"1126ri","1126ri","ri",1126,"Wen_WW_HS","Wendy","WW","HS","Root endosphere","WW_HS",60,60,0,60,3.79473319220206,0.853406751888436,0.208435498996028
"1126ro","1126ro","ro",1126,"Wen_WW_HS","Wendy","WW","HS","Rhizoplane","WW_HS",272,272,0,272,6.99579705756165,3.29391611412324,0.587590513394576
"112bk","112bk","bk",112,"Wen_WW_OT","Wendy","WW","OT","Bulk soil","WW_OT",447,447,0,447,8.58201647116862,5.00457214441934,0.820077688207145
"112rh","112rh","rh",112,"Wen_WW_OT","Wendy","WW","OT","Rhizosphere","WW_OT",608,608,0,608,9.55868301873389,5.19636151417867,0.810642706300832
"1132bk","1132bk","bk",1132,"Wen_WW_HS","Wendy","WW","HS","Bulk soil","WW_HS",460,460,0,460,8.04822421677467,4.91492112458572,0.801621198143024
"1132rh","1132rh","rh",1132,"Wen_WW_HS","Wendy","WW","HS","Rhizosphere","WW_HS",524,524,0,524,8.85506712230111,5.00765966640433,0.799755061392743
"1134lo","1134lo","lo",1134,"Sto_WW_HS","Stocata","WW","HS","Phylloplane","WW_HS",397,397,0,397,8.59119108341434,3.66133470594601,0.611860577085816
"1134ri","1134ri","ri",1134,"Sto_WW_HS","Stocata","WW","HS","Root endosphere","WW_HS",128,128,0,128,5.47722557505166,0.975587884867593,0.201067971921404
"1134ro","1134ro","ro",1134,"Sto_WW_HS","Stocata","WW","HS","Rhizoplane","WW_HS",238,238,0,238,6.77116972876905,2.59674534974648,0.474527943626785
"1144lo","1144lo","lo",1144,"Wen_WW_HS","Wendy","WW","HS","Phylloplane","WW_HS",393,393,0,393,8.12685680486112,3.97943030777134,0.66614615569011
"1144ri","1144ri","ri",1144,"Wen_WW_HS","Wendy","WW","HS","Root endosphere","WW_HS",148,148,0,148,5.95648635772212,1.40525924049118,0.281208634635943
"1144ro","1144ro","ro",1144,"Wen_WW_HS","Wendy","WW","HS","Rhizoplane","WW_HS",191,191,0,191,6.11409837612052,1.99506882313772,0.379848621833785
"118lo","118lo","lo",118,"Wen_WW_OT","Wendy","WW","OT","Phylloplane","WW_OT",609,609,0,609,11.223801825674,4.57512429936167,0.713545535499989
"118ri","118ri","ri",118,"Wen_WW_OT","Wendy","WW","OT","Root endosphere","WW_OT",66,66,0,66,3.90803368367358,0.653007748492032,0.155861947749945
"118ro","118ro","ro",118,"Wen_WW_OT","Wendy","WW","OT","Rhizoplane","WW_OT",211,211,0,211,5.90124093303799,2.8534172000964,0.533163833743681
"122lo","122lo","lo",122,"Sto_WW_OT","Stocata","WW","OT","Phylloplane","WW_OT",564,564,0,564,10.8976541167458,4.95729808871883,0.782518648131004
"122ri","122ri","ri",122,"Sto_WW_OT","Stocata","WW","OT","Root endosphere","WW_OT",287,287,0,287,7.97207670363508,3.87149071662603,0.68407154029839
"122ro","122ro","ro",122,"Sto_WW_OT","Stocata","WW","OT","Rhizoplane","WW_OT",270,270,0,270,7.1670542530852,3.55709281141172,0.635374188916643
"124lo","124lo","lo",124,"Wen_WS_OT","Wendy","WS","OT","Phylloplane","WS_OT",357,357,0,357,4.3450606233663,4.34566700247839,0.739343713943302
"124ri","124ri","ri",124,"Wen_WS_OT","Wendy","WS","OT","Root endosphere","WS_OT",218,218,0,218,7.01407497154272,2.69310018955998,0.500158354340656
"124ro","124ro","ro",124,"Wen_WS_OT","Wendy","WS","OT","Rhizoplane","WS_OT",129,129,0,129,4.55628027259964,2.36164541492313,0.485954028349645
"126lo","126lo","lo",126,"Wen_WW_OT","Wendy","WW","OT","Phylloplane","WW_OT",402,402,0,402,8.93870782118075,4.24904526199118,0.708593214653655
"126ri","126ri","ri",126,"Wen_WW_OT","Wendy","WW","OT","Root endosphere","WW_OT",168,168,0,168,6.31277993250125,1.84180042801929,0.359448355886724
"126ro","126ro","ro",126,"Wen_WW_OT","Wendy","WW","OT","Rhizoplane","WW_OT",234,234,0,234,6.67947487572074,3.20695855705017,0.587858805968729
"128bk","128bk","bk",128,"Sto_WW_OT","Stocata","WW","OT","Bulk soil","WW_OT",458,458,0,458,8.96572805052565,5.0313684071141,0.821197296028368
"128rh","128rh","rh",128,"Sto_WW_OT","Stocata","WW","OT","Rhizosphere","WW_OT",602,602,0,602,9.80202704644652,5.16988324832435,0.807761764663655
"130lo","130lo","lo",130,"Sto_WS_OT","Stocata","WS","OT","Phylloplane","WS_OT",437,437,0,437,9.42415223290268,3.61054113855048,0.59384552801714
"130ri","130ri","ri",130,"Sto_WS_OT","Stocata","WS","OT","Root endosphere","WS_OT",176,176,0,176,6.40268054660063,2.64605348969467,0.511761276552436
"132bk","132bk","bk",132,"Wen_WW_OT","Wendy","WW","OT","Bulk soil","WW_OT",494,494,0,494,9.18633027751623,5.07691584103977,0.818522655286868
"132rh","132rh","rh",132,"Wen_WW_OT","Wendy","WW","OT","Rhizosphere","WW_OT",576,576,0,576,9.43361307005728,5.16979248757964,0.81335823172851
"133bk","133bk","bk",133,"Sto_WW_OT","Stocata","WW","OT","Bulk soil","WW_OT",548,548,0,548,9.90465495517244,5.14207940859632,0.815390888380466
"133rh","133rh","rh",133,"Sto_WW_OT","Stocata","WW","OT","Rhizosphere","WW_OT",619,619,0,619,10.190749392589,5.16014767457176,0.802747848032162
"140bk","140bk","bk",140,"Sto_WW_OT","Stocata","WW","OT","Bulk soil","WW_OT",497,497,0,497,9.64688417290644,4.87023572083922,0.784435065025731
"140rh","140rh","rh",140,"Sto_WW_OT","Stocata","WW","OT","Rhizosphere","WW_OT",598,598,0,598,10.0300551687896,5.13029261957392,0.802411792841744
"144lo","144lo","lo",144,"Wen_WW_OT","Wendy","WW","OT","Phylloplane","WW_OT",389,389,0,389,9.13030491639375,3.48561268968941,0.584483326011135
"144ri","144ri","ri",144,"Wen_WW_OT","Wendy","WW","OT","Root endosphere","WW_OT",69,69,0,69,3.87111188760759,0.502265193050182,0.118623655901154
"144ro","144ro","ro",144,"Wen_WW_OT","Wendy","WW","OT","Rhizoplane","WW_OT",321,321,0,321,8.10138252114379,3.78940899677591,0.656579338839517
"20bk","20bk","bk",20,"Wen_WW_OT","Wendy","WW","OT","Bulk soil","WW_OT",457,457,0,457,8.57200164803002,5.03754599288336,0.822499004662488
"20rh","20rh","rh",20,"Wen_WW_OT","Wendy","WW","OT","Rhizosphere","WW_OT",545,545,0,545,9.30581351293989,5.06350259619917,0.803630334566832
"22lo","22lo","lo",22,"Wen_WS_OT","Wendy","WS","OT","Phylloplane","WS_OT",220,220,0,220,2.93799560616046,4.46165103049679,0.827207847066516
"22ri","22ri","ri",22,"Wen_WS_OT","Wendy","WS","OT","Root endosphere","WS_OT",246,246,0,246,7.67849917584784,2.03934993421077,0.370431811581243
"22ro","22ro","ro",22,"Wen_WS_OT","Wendy","WS","OT","Rhizoplane","WS_OT",151,151,0,151,4.96344251396185,3.20400447716616,0.638593935633484
"24bk","24bk","bk",24,"Wen_WS_OT","Wendy","WS","OT","Bulk soil","WS_OT",485,485,0,485,9.13202137716452,5.05764862678299,0.817840694973351
"24rh","24rh","rh",24,"Wen_WS_OT","Wendy","WS","OT","Rhizosphere","WS_OT",571,571,0,571,9.39109389173394,5.10561222285626,0.804364133695994
"26bk","26bk","bk",26,"Sto_WS_OT","Stocata","WS","OT","Bulk soil","WS_OT",480,480,0,480,8.76356092008266,5.07630736749095,0.822235704648504
"26rh","26rh","rh",26,"Sto_WS_OT","Stocata","WS","OT","Rhizosphere","WS_OT",494,494,0,494,8.46629421009109,5.02534197524282,0.810207690277151
"28bk","28bk","bk",28,"Sto_WW_OT","Stocata","WW","OT","Bulk soil","WW_OT",502,502,0,502,9.35755016122918,5.10343575586841,0.820672765194845
"28rh","28rh","rh",28,"Sto_WW_OT","Stocata","WW","OT","Rhizosphere","WW_OT",479,479,0,479,8.76127367981923,5.02603288951568,0.814367581542135
"32lo","32lo","lo",32,"Sto_WW_OT","Stocata","WW","OT","Phylloplane","WW_OT",490,490,0,490,9.69967388469261,3.68700885165883,0.59521594388276
"32ri","32ri","ri",32,"Sto_WW_OT","Stocata","WW","OT","Root endosphere","WW_OT",285,285,0,285,5.47209828576962,2.71826453847621,0.480896902547811
"32ro","32ro","ro",32,"Sto_WW_OT","Stocata","WW","OT","Rhizoplane","WW_OT",212,212,0,212,6.4193104902171,2.41805206280539,0.451416618498028
"34bk","34bk","bk",34,"Wen_WS_OT","Wendy","WS","OT","Bulk soil","WS_OT",523,523,0,523,9.85807508388248,5.11702650594028,0.817471029862966
"34rh","34rh","rh",34,"Wen_WS_OT","Wendy","WS","OT","Rhizosphere","WS_OT",437,437,0,437,7.53177859387711,4.96689212029467,0.816932022263212
"36lo","36lo","lo",36,"Wen_WW_OT","Wendy","WW","OT","Phylloplane","WW_OT",441,441,0,441,4.2639659820045,4.83052562997783,0.793314177968402
"36ri","36ri","ri",36,"Wen_WW_OT","Wendy","WW","OT","Root endosphere","WW_OT",112,112,0,112,5.1234753829798,0.707192208017979,0.149876523722443
"36ro","36ro","ro",36,"Wen_WW_OT","Wendy","WW","OT","Rhizoplane","WW_OT",303,303,0,303,7.44396005188941,3.43406949512589,0.60102031579332
"38bk","38bk","bk",38,"Sto_WS_OT","Stocata","WS","OT","Bulk soil","WS_OT",468,468,0,468,8.93136220121157,5.09000368592903,0.827849057839104
"38rh","38rh","rh",38,"Sto_WS_OT","Stocata","WS","OT","Rhizosphere","WS_OT",533,533,0,533,9.01322771936894,4.79982007154411,0.76448255047275
"40bk","40bk","bk",40,"Sto_WW_OT","Stocata","WW","OT","Bulk soil","WW_OT",533,533,0,533,9.31177712607957,5.16006449820709,0.821859821700401
"40rh","40rh","rh",40,"Sto_WW_OT","Stocata","WW","OT","Rhizosphere","WW_OT",513,513,0,513,8.65203443156974,5.07577810440382,0.813390021585643
"50lo","50lo","lo",50,"Sto_WS_OT","Stocata","WS","OT","Phylloplane","WS_OT",428,428,0,428,4.26104940784248,4.47517846651613,0.738585158621523
"50ri","50ri","ri",50,"Sto_WS_OT","Stocata","WS","OT","Root endosphere","WS_OT",391,391,0,391,9.4949172026628,3.7168562623658,0.622723801595486
"50ro","50ro","ro",50,"Sto_WS_OT","Stocata","WS","OT","Rhizoplane","WS_OT",134,134,0,134,3.85269822099909,2.92127987905991,0.596442513103265
"56bk","56bk","bk",56,"Wen_WW_OT","Wendy","WW","OT","Bulk soil","WW_OT",515,515,0,515,9.33143762532547,5.1277355536805,0.8212041150174
"56rh","56rh","rh",56,"Wen_WW_OT","Wendy","WW","OT","Rhizosphere","WW_OT",565,565,0,565,9.41191111286439,5.09488738614916,0.804012545446379
"60lo","60lo","lo",60,"Wen_WS_OT","Wendy","WS","OT","Phylloplane","WS_OT",475,475,0,475,9.0127395216,3.94798055700299,0.640561237342372
"60ri","60ri","ri",60,"Wen_WS_OT","Wendy","WS","OT","Root endosphere","WS_OT",227,227,0,227,7.4532315671091,3.27667301114212,0.604000589974717
"60ro","60ro","ro",60,"Wen_WS_OT","Wendy","WS","OT","Rhizoplane","WS_OT",185,185,0,185,5.87895927542981,3.51887034595325,0.674067144819665
"62bk","62bk","bk",62,"Sto_WS_OT","Stocata","WS","OT","Bulk soil","WS_OT",510,510,0,510,9.79155298223533,5.05514513366694,0.810845700751365
"62rh","62rh","rh",62,"Sto_WS_OT","Stocata","WS","OT","Rhizosphere","WS_OT",521,521,0,521,8.919989843603,4.98676986890249,0.797149795886792
"70lo","70lo","lo",70,"Sto_WW_OT","Stocata","WW","OT","Phylloplane","WW_OT",868,868,0,868,13.7979160919054,5.52994546277073,0.817290685214988
"70ri","70ri","ri",70,"Sto_WW_OT","Stocata","WW","OT","Root endosphere","WW_OT",289,289,0,289,6.27346805077407,2.96839419308013,0.523856454246114
"70ro","70ro","ro",70,"Sto_WW_OT","Stocata","WW","OT","Rhizoplane","WW_OT",234,234,0,234,6.85160159703149,3.30649345304688,0.606104275647223
"72bk","72bk","bk",72,"Wen_WS_OT","Wendy","WS","OT","Bulk soil","WS_OT",431,431,0,431,8.47269395903298,4.96348733079948,0.818232589507746
"72rh","72rh","rh",72,"Wen_WS_OT","Wendy","WS","OT","Rhizosphere","WS_OT",475,475,0,475,9.19381943424351,4.75812097859168,0.772006806382324
"74lo","74lo","lo",74,"Sto_WS_OT","Stocata","WS","OT","Phylloplane","WS_OT",63,63,0,63,3.64277933312482,0.482205509019361,0.116386634966934
"74ri","74ri","ri",74,"Sto_WS_OT","Stocata","WS","OT","Root endosphere","WS_OT",175,175,0,175,6.43028548577522,2.05157383907839,0.397223398885565
"74ro","74ro","ro",74,"Sto_WS_OT","Stocata","WS","OT","Rhizoplane","WS_OT",118,118,0,118,4.50235343355871,2.51703881084007,0.527605366729097
"78lo","78lo","lo",78,"Wen_WS_OT","Wendy","WS","OT","Phylloplane","WS_OT",107,107,0,107,4.88751986873606,1.13480729143359,0.242852313156526
"78ri","78ri","ri",78,"Wen_WS_OT","Wendy","WS","OT","Root endosphere","WS_OT",203,203,0,203,7.10928068943562,2.735650904257,0.514877630388868
"78ro","78ro","ro",78,"Wen_WS_OT","Wendy","WS","OT","Rhizoplane","WS_OT",140,140,0,140,4.05233618687154,2.78093001922321,0.562754198179077
"82lo","82lo","lo",82,"Sto_WS_OT","Stocata","WS","OT","Phylloplane","WS_OT",536,536,0,536,10.2846610897658,3.73331922088199,0.594086492298223
"82ri","82ri","ri",82,"Sto_WS_OT","Stocata","WS","OT","Root endosphere","WS_OT",98,98,0,98,4.71212071499161,1.63342307948543,0.35625619747232
"82ro","82ro","ro",82,"Sto_WS_OT","Stocata","WS","OT","Rhizoplane","WS_OT",122,122,0,122,4.16956183568961,2.23748692771285,0.46575294048011
"84bk","84bk","bk",84,"Wen_WW_OT","Wendy","WW","OT","Bulk soil","WW_OT",477,477,0,477,9.22874917422479,5.03049222463601,0.815643092656157
"84rh","84rh","rh",84,"Wen_WW_OT","Wendy","WW","OT","Rhizosphere","WW_OT",569,569,0,569,9.81892294516886,5.11488438636848,0.806270616144249
"86lo","86lo","lo",86,"Sto_WW_OT","Stocata","WW","OT","Phylloplane","WW_OT",328,328,0,328,7.90492282555932,3.96096578027968,0.68374874427138
"86ri","86ri","ri",86,"Sto_WW_OT","Stocata","WW","OT","Root endosphere","WW_OT",269,269,0,269,7.95760140207773,2.57574279454039,0.460388860081589
"86ro","86ro","ro",86,"Sto_WW_OT","Stocata","WW","OT","Rhizoplane","WW_OT",241,241,0,241,6.10081281571957,3.49623319054952,0.637440771818043
"90lo","90lo","lo",90,"Wen_WW_OT","Wendy","WW","OT","Phylloplane","WW_OT",578,578,0,578,9.4374649109089,4.69309781423352,0.73795790585152
"90ri","90ri","ri",90,"Wen_WW_OT","Wendy","WW","OT","Root endosphere","WW_OT",287,287,0,287,8.1919481161249,2.63906219815526,0.466308064509226
"90ro","90ro","ro",90,"Wen_WW_OT","Wendy","WW","OT","Rhizoplane","WW_OT",286,286,0,286,7.08712019986064,3.31820030037143,0.586669926576582
"92bk","92bk","bk",92,"Sto_WS_OT","Stocata","WS","OT","Bulk soil","WS_OT",491,491,0,491,8.95678695663563,5.07386386815071,0.81883476450495
"92rh","92rh","rh",92,"Sto_WS_OT","Stocata","WS","OT","Rhizosphere","WS_OT",566,566,0,566,9.07370682119671,5.19235214865649,0.819164641968741
"96lo","96lo","lo",96,"Wen_WS_OT","Wendy","WS","OT","Phylloplane","WS_OT",376,376,0,376,9.01874525404986,3.0112345273836,0.507831901092241
"96ri","96ri","ri",96,"Wen_WS_OT","Wendy","WS","OT","Root endosphere","WS_OT",232,232,0,232,7.23973708800591,3.20707611355499,0.588806820434937
"96ro","96ro","ro",96,"Wen_WS_OT","Wendy","WS","OT","Rhizoplane","WS_OT",116,116,0,116,4.14708040217078,1.90513836987148,0.400778841524003
