"","sample_name","raw_data_with_chloro_and_mito","raw_without_Cyanobacteria_phylum","raw_without_Chloroplast_genus","raw_without_mitochondria_genus","raw_first_filter","filter_low_count","df_16S_filt_rar_16000"
"1","78ri",19472,18204,18204,17856,17856,17599,16000
"2","1126ri",18490,18477,18477,18413,18413,18396,16000
"3","96ri",19846,19205,19205,18763,18763,18562,16000
"4","1004ri",19008,18990,18990,18943,18943,18712,16000
"5","1064ri",19814,19768,19768,19691,19691,19615,16000
"6","1086ri",23976,23898,23898,23816,23816,23607,16000
"7","124ri",26332,26315,26315,26260,26260,26208,16000
"8","50ri",28499,28443,28443,28368,28368,27666,16000
"9","1022ri",29718,29126,29126,28648,28648,28387,16000
"10","130ri",28861,28847,28847,28832,28832,28703,16000
"11","1070ri",29628,29558,29558,29467,29467,29413,16000
"12","86ri",32286,32263,32263,32217,32217,31679,16000
"13","128bk",32589,32589,32589,32589,32589,32497,16000
"14","72bk",32763,32763,32763,32763,32763,32669,16000
"15","38bk",33469,33467,33467,33462,33462,33359,16000
"16","1114lo",34191,33999,33999,33936,33936,33534,16000
"17","100bk",33718,33718,33718,33718,33718,33623,16000
"18","106bk",34685,34685,34685,34685,34685,34580,16000
"19","84bk",34765,34759,34759,34759,34759,34683,16000
"20","1040bk",34811,34811,34811,34811,34811,34746,16000
"21","112bk",34915,34915,34915,34915,34915,34828,16000
"22","1034bk",35006,35002,35002,34998,34998,34861,16000
"23","1024bk",35073,35064,35064,35064,35064,35005,16000
"24","1026bk",35118,35110,35110,35110,35110,35019,16000
"25","26bk",35252,35245,35245,35245,35245,35218,16000
"26","20bk",35688,35679,35679,35679,35679,35556,16000
"27","132bk",35698,35698,35698,35696,35696,35593,16000
"28","1020bk",35715,35698,35698,35698,35698,35626,16000
"29","28bk",35905,35905,35905,35905,35905,35800,16000
"30","1028bk",36011,36011,36011,36011,36011,35954,16000
"31","1018bk",36260,36254,36254,36254,36254,36165,16000
"32","92bk",36341,36341,36341,36331,36331,36250,16000
"33","104bk",36757,36753,36753,36753,36753,36542,16000
"34","24bk",36689,36689,36689,36689,36689,36597,16000
"35","34bk",36832,36820,36820,36820,36820,36693,16000
"36","62bk",37635,37624,37624,37621,37621,37495,16000
"37","1086lo",78514,39174,39174,38841,38841,37711,16000
"38","1030bk",38428,38422,38422,38419,38419,38322,16000
"39","40bk",38609,38607,38607,38607,38607,38495,16000
"40","122ri",38980,38891,38891,38695,38695,38506,16000
"41","56bk",38772,38762,38762,38762,38762,38670,16000
"42","108ri",39428,39312,39312,39247,39247,38823,16000
"43","140bk",39265,39265,39265,39265,39265,39175,16000
"44","74ri",39455,39433,39433,39375,39375,39270,16000
"45","34rh",41175,41175,41175,41175,41175,41077,16000
"46","133bk",41563,41543,41543,41543,41543,41347,16000
"47","1022lo",62075,62037,62037,62033,62033,41614,16000
"48","1102ri",42274,42155,42155,42082,42082,41728,16000
"49","70lo",47632,47136,47136,46718,46718,42105,16000
"50","28rh",42255,42245,42245,42237,42237,42146,16000
"51","82ri",42929,42883,42883,42849,42849,42782,16000
"52","104rh",43016,43007,43007,43007,43007,42941,16000
"53","1088bk",43276,43276,43276,43273,43273,43199,16000
"54","26rh",43731,43716,43716,43716,43716,43613,16000
"55","92rh",43979,43972,43972,43972,43972,43704,16000
"56","1120rh",45249,45242,45242,45242,45242,45141,16000
"57","72rh",45419,45419,45419,45419,45419,45296,16000
"58","1020rh",45589,45586,45586,45586,45586,45412,16000
"59","40rh",45680,45680,45680,45680,45680,45604,16000
"60","1092rh",45855,45847,45847,45847,45847,45778,16000
"61","1024rh",46218,46212,46212,46212,46212,46085,16000
"62","84rh",47828,47819,47819,47819,47819,47698,16000
"63","1132bk",48458,48458,48458,48458,48458,48427,16000
"64","126lo",51154,51146,51146,51110,51110,50808,16000
"65","1132rh",51089,51073,51073,51073,51073,50992,16000
"66","1032ro",51165,51162,51162,51159,51159,51109,16000
"67","1080bk",51477,51470,51470,51470,51470,51406,16000
"68","1070ro",51745,51737,51737,51737,51737,51721,16000
"69","62rh",51859,51859,51859,51859,51859,51727,16000
"70","128rh",51953,51943,51943,51943,51943,51770,16000
"71","132rh",52151,52151,52151,52151,52151,51777,16000
"72","1094bk",51975,51975,51975,51975,51975,51839,16000
"73","1098bk",52205,52201,52201,52201,52201,52044,16000
"74","20rh",52312,52303,52303,52303,52303,52237,16000
"75","70ro",52817,52806,52806,52806,52806,52694,16000
"76","1048bk",53060,53043,53043,53043,53043,52949,16000
"77","38rh",53193,53193,53193,53193,53193,53050,16000
"78","1092bk",53280,53280,53280,53280,53280,53221,16000
"79","1106bk",53398,53393,53393,53393,53393,53284,16000
"80","22ri",53863,53822,53822,53767,53767,53511,16000
"81","1004lo",61188,61109,61109,61109,61109,54025,16000
"82","1124ri",55199,54839,54839,54539,54539,54266,16000
"83","1072bk",54543,54533,54533,54530,54530,54421,16000
"84","144ro",55212,55202,55202,55202,55202,55157,16000
"85","1106rh",55438,55432,55432,55432,55432,55318,16000
"86","1120bk",55475,55475,55475,55475,55475,55414,16000
"87","1072rh",55692,55680,55680,55680,55680,55559,16000
"88","1056bk",55609,55609,55609,55609,55609,55561,16000
"89","56rh",55689,55675,55675,55675,55675,55567,16000
"90","1034rh",55740,55740,55740,55740,55740,55640,16000
"91","1040rh",55873,55873,55873,55869,55869,55767,16000
"92","1056rh",55979,55979,55979,55979,55979,55901,16000
"93","32ro",56056,56048,56048,56048,56048,56030,16000
"94","1114ri",57931,57160,57160,56786,56786,56356,16000
"95","1028rh",56609,56600,56600,56600,56600,56517,16000
"96","1086ro",56582,56551,56551,56549,56549,56539,16000
"97","140rh",56759,56751,56751,56748,56748,56634,16000
"98","24rh",56729,56716,56716,56716,56716,56653,16000
"99","133rh",56880,56873,56873,56870,56870,56753,16000
"100","1076bk",56984,56974,56974,56974,56974,56829,16000
"101","1070lo",75533,57501,57501,57313,57313,56904,16000
"102","126ri",57285,57260,57260,57152,57152,57055,16000
"103","1030rh",57287,57287,57287,57287,57287,57181,16000
"104","1088rh",57500,57500,57500,57500,57500,57324,16000
"105","106rh",57699,57691,57691,57688,57688,57580,16000
"106","1018rh",57980,57974,57974,57974,57974,57663,16000
"107","1096lo",57801,57788,57788,57779,57779,57740,16000
"108","60ro",57873,57857,57857,57857,57857,57840,16000
"109","100rh",57996,57967,57967,57964,57964,57862,16000
"110","90ri",58633,58530,58530,58464,58464,57972,16000
"111","102ri",59018,58895,58895,58839,58839,58049,16000
"112","1026rh",58233,58233,58233,58233,58233,58059,16000
"113","122lo",59153,59108,59108,59104,59104,58061,16000
"114","1060lo",58383,58383,58383,58377,58377,58263,16000
"115","32ri",60029,59915,59915,59848,59848,58312,16000
"116","1144ro",58687,58668,58668,58668,58668,58644,16000
"117","1108lo",58940,58934,58934,58920,58920,58708,16000
"118","1118lo",59020,59010,59010,59007,59007,58802,16000
"119","1074lo",70220,61208,61208,61128,61128,58899,16000
"120","1118ro",59414,59378,59378,59378,59378,59342,16000
"121","60lo",59873,59867,59867,59862,59862,59593,16000
"122","1048rh",59779,59768,59768,59765,59765,59669,16000
"123","1076rh",59848,59839,59839,59839,59839,59709,16000
"124","36ro",60397,60369,60369,60369,60369,60320,16000
"125","1134ri",60666,60653,60653,60559,60559,60537,16000
"126","50ro",60748,60748,60748,60748,60748,60720,16000
"127","82lo",61644,61591,61591,61576,61576,61065,16000
"128","86lo",61362,61362,61362,61362,61362,61133,16000
"129","1144ri",61313,61299,61299,61246,61246,61207,16000
"130","126ro",61277,61277,61277,61277,61277,61230,16000
"131","1098rh",61391,61379,61379,61379,61379,61254,16000
"132","112rh",61374,61374,61374,61374,61374,61272,16000
"133","118ro",61349,61349,61349,61349,61349,61325,16000
"134","90ro",61520,61509,61509,61509,61509,61368,16000
"135","22ro",61496,61491,61491,61491,61491,61435,16000
"136","1108ri",62439,62089,62089,61837,61837,61522,16000
"137","1046ri",61918,61748,61748,61639,61639,61563,16000
"138","96ro",61650,61650,61650,61650,61650,61635,16000
"139","122ro",61861,61857,61857,61857,61857,61817,16000
"140","1004ro",61903,61874,61874,61874,61874,61830,16000
"141","90lo",63055,63011,63011,63003,63003,62220,16000
"142","1022ro",62398,62398,62398,62398,62398,62391,16000
"143","74ro",62408,62408,62408,62408,62408,62401,16000
"144","1080rh",62769,62752,62752,62752,62752,62612,16000
"145","70ri",64056,63969,63969,63907,63907,62621,16000
"146","36lo",63672,63629,63629,63623,63623,62767,16000
"147","1064ro",62944,62936,62936,62934,62934,62920,16000
"148","124ro",62971,62971,62971,62971,62971,62929,16000
"149","118lo",64138,64124,64124,64090,64090,63278,16000
"150","1126lo",63546,63503,63503,63503,63503,63321,16000
"151","1058ri",64166,64125,64125,64096,64096,63945,16000
"152","36ri",64338,64242,64242,64152,64152,64068,16000
"153","102ro",64244,64234,64234,64234,64234,64183,16000
"154","1134lo",64564,64540,64540,64518,64518,64382,16000
"155","1096ro",65337,65337,65337,65337,65337,65322,16000
"156","144lo",65601,65587,65587,65587,65587,65349,16000
"157","130lo",66560,66486,66486,66476,66476,65847,16000
"158","1126ro",66063,65999,65999,65996,65996,65927,16000
"159","32lo",66883,66858,66858,66844,66844,66299,16000
"160","22lo",72657,72641,72641,72501,72501,66347,16000
"161","1074ri",66425,66412,66412,66397,66397,66391,16000
"162","1144lo",66779,66756,66756,66756,66756,66516,16000
"163","1046ro",66559,66559,66559,66559,66559,66540,16000
"164","1096ri",66700,66696,66696,66678,66678,66671,16000
"165","86ro",66888,66878,66878,66878,66878,66848,16000
"166","1108ro",66909,66909,66909,66909,66909,66903,16000
"167","1064lo",67946,67880,67880,67870,67870,67084,16000
"168","108lo",68878,68873,68873,68870,68870,67501,16000
"169","1134ro",67685,67660,67660,67660,67660,67538,16000
"170","118ri",67748,67733,67733,67690,67690,67646,16000
"171","108ro",67699,67699,67699,67699,67699,67699,16000
"172","1102ro",67888,67862,67862,67862,67862,67856,16000
"173","102lo",69100,69100,69100,69096,69096,67897,16000
"174","96lo",68751,68737,68737,68729,68729,68526,16000
"175","144ri",68636,68633,68633,68591,68591,68580,16000
"176","1114ro",68713,68713,68713,68713,68713,68707,16000
"177","1107lo",68915,68915,68915,68907,68907,68877,16000
"178","50lo",70165,70148,70148,70145,70145,69187,16000
"179","78ro",69335,69335,69335,69335,69335,69313,16000
"180","1058ro",70071,70071,70071,70071,70071,70013,16000
"181","1060ro",70429,70429,70429,70429,70429,70316,16000
"182","1107ri",70722,70717,70717,70710,70710,70666,16000
"183","124lo",73225,73222,73222,73205,73205,71022,16000
"184","1124lo",71844,71818,71818,71809,71809,71117,16000
"185","1124ro",71473,71468,71468,71468,71468,71465,16000
"186","1074ro",71766,71766,71766,71766,71766,71753,16000
"187","82ro",72097,72097,72097,72097,72097,72097,16000
"188","1107ro",75073,75073,75073,75073,75073,75031,16000
"189","78lo",75256,75256,75256,75254,75254,75192,16000
"190","1032lo",76917,76917,76917,76917,76917,76907,16000
"191","74lo",78691,78691,78691,78691,78691,78675,16000
"192","1102lo",81088,81088,81088,81088,81088,81084,16000
"193","1058lo",82404,82400,82400,82400,82400,82329,16000
"194","1046lo",87709,87709,87709,87709,87709,87509,16000
"195","60ri",16213,16177,16177,16133,16133,15683,NA
"196","1004li",67953,9906,9906,6,NA,NA,NA
"197","1060li",78061,3999,3999,8,NA,NA,NA
"198","144li",79103,2739,2739,10,NA,NA,NA
"199","130li",79658,3268,3268,13,NA,NA,NA
"200","1118li",84137,2275,2275,16,NA,NA,NA
"201","1114li",35222,2821,2821,19,NA,NA,NA
"202","126li",82683,3402,3402,25,NA,NA,NA
"203","1124li",83945,4881,4881,29,NA,NA,NA
"204","32li",84187,4871,4871,33,NA,NA,NA
"205","1096li",64574,2081,2081,43,NA,NA,NA
"206","60li",78369,5398,5398,43,NA,NA,NA
"207","1064li",62888,2862,2862,45,NA,NA,NA
"208","96li",83867,5000,5000,46,NA,NA,NA
"209","90li",81869,2791,2791,56,NA,NA,NA
"210","36li",82601,4404,4404,59,NA,NA,NA
"211","82li",81337,3388,3388,62,NA,NA,NA
"212","1086li",79813,1739,1739,66,NA,NA,NA
"213","78li",79021,4770,4770,68,NA,NA,NA
"214","22li",78140,5079,5079,69,NA,NA,NA
"215","70li",79711,3250,3250,73,NA,NA,NA
"216","86li",87698,3150,3150,75,NA,NA,NA
"217","1070li",57755,1832,1832,76,NA,NA,NA
"218","108li",84805,4142,4142,82,NA,NA,NA
"219","1144li",61767,2228,2228,89,NA,NA,NA
"220","124li",79172,8098,8098,90,NA,NA,NA
"221","1074li",48737,1123,1123,92,NA,NA,NA
"222","1134li",55196,1158,1158,93,NA,NA,NA
"223","122li",81408,3153,3153,95,NA,NA,NA
"224","1126li",77266,2088,2088,147,NA,NA,NA
"225","118li",80773,7115,7115,149,NA,NA,NA
"226","50li",78751,4164,4164,196,NA,NA,NA
"227","74li",84511,7044,7044,222,NA,NA,NA
"228","1108li",67278,2300,2300,287,NA,NA,NA
"229","102li",81017,3667,3667,309,NA,NA,NA
"230","1058li",86672,4503,4503,367,NA,NA,NA
"231","1032li",60888,3106,3106,410,NA,NA,NA
"232","1107li",55694,3472,3472,748,NA,NA,NA
"233","1102li",75454,3045,3045,1320,NA,NA,NA
"234","1022li",77742,6609,6609,2671,NA,NA,NA
"235","1094rh",3812,3812,3812,3812,NA,NA,NA
"236","1118ri",12920,7772,7772,7423,NA,NA,NA
"237","1060ri",11904,11893,11893,11871,NA,NA,NA
"238","1032ri",14614,14057,14057,13716,NA,NA,NA
"239","1046li",77033,21118,21118,19651,NA,NA,NA
"240","74bisro",60407,60402,60402,60402,NA,NA,NA
